[
  {"model": "sessions.session", "pk": "b5pcipi5v6fhadifftub1agrdkxvvoal", "fields": {"session_data": "YzRlMTI4YWQ3ZDI0NmZkODRjNTUyMmU4MDVhZjEzMzRkNzU3ZTQ0Yjp7Il9hdXRoX3VzZXJfaWQiOiIxIiwiX2F1dGhfdXNlcl9iYWNrZW5kIjoiZGphbmdvLmNvbnRyaWIuYXV0aC5iYWNrZW5kcy5Nb2RlbEJhY2tlbmQiLCJfYXV0aF91c2VyX2hhc2giOiIyNDBkMGMwZDE1ZDM5NDkyZWUwMzc0N2YzODhmMTcxMTdmNWViNzA0In0=", "expire_date": "2021-05-30T00:27:33.333Z"}},
  {"model": "vendas.produto", "pk": 1, "fields": {"nome": "Fones de ouvido", "preco": "110.00", "comissao": "3.00"}},
  {"model": "vendas.produto", "pk": 2, "fields": {"nome": "Capa Motorola", "preco": "15.00", "comissao": "8.00"}},
  {"model": "vendas.produto", "pk": 3, "fields": {"nome": "Capa Xiaomi", "preco": "15.00", "comissao": "9.00"}},
  {"model": "vendas.produto", "pk": 4, "fields": {"nome": "Capa Nokia", "preco": "10.00", "comissao": "5.00"}},
  {"model": "vendas.produto", "pk": 5, "fields": {"nome": "Capa Iphone", "preco": "35.00", "comissao": "6.00"}},
  {"model": "vendas.produto", "pk": 6, "fields": {"nome": "Capa Samsung", "preco": "25.00", "comissao": "2.00"}},
  {"model": "vendas.produto", "pk": 7, "fields": {"nome": "Motorola", "preco": "1450.00", "comissao": "6.00"}},
  {"model": "vendas.produto", "pk": 8, "fields": {"nome": "Xiaomi", "preco": "2200.00", "comissao": "3.00"}},
  {"model": "vendas.produto", "pk": 9, "fields": {"nome": "Nokia", "preco": "2500.00", "comissao": "4.00"}},
  {"model": "vendas.produto", "pk": 10, "fields": {"nome": "Iphone 11", "preco": "5000.00", "comissao": "2.00"}},
  {"model": "vendas.produto", "pk": 11, "fields": {"nome": "S21 Samsung", "preco": "4500.00", "comissao": "10.00"}},
  {"model": "vendas.vendedor", "pk": 1, "fields": {"nome": "Cau\u00e3 Cunha Alves"}},
  {"model": "vendas.vendedor", "pk": 2, "fields": {"nome": "Manuela Dias Cavalcanti"}},
  {"model": "vendas.vendedor", "pk": 3, "fields": {"nome": "Isabela Fernandes Barbosa"}},
  {"model": "vendas.vendedor", "pk": 4, "fields": {"nome": "Alex Fernandes Araujo"}},
  {"model": "vendas.vendedor", "pk": 5, "fields": {"nome": "Vitor Melo Goncalves"}},
  {"model": "vendas.vendedor", "pk": 6, "fields": {"nome": "Rebeca Pinto Gomes"}},
  {"model": "vendas.vendedor", "pk": 7, "fields": {"nome": "Davi Dias Pinto"}},
  {"model": "vendas.vendedor", "pk": 8, "fields": {"nome": "F\u00e1bio Alves Azevedo"}},
  {"model": "vendas.vendedor", "pk": 9, "fields": {"nome": "Joao Rodrigues Pereira"}},
  {"model": "vendas.vendedor", "pk": 10, "fields": {"nome": "Pedro Oliveira Cavalcanti"}},
  {"model": "vendas.cliente", "pk": 1, "fields": {"nome": "Let\u00edcia Ribeiro Oliveira"}},
  {"model": "vendas.cliente", "pk": 2, "fields": {"nome": "Carlos Rocha Oliveira"}},
  {"model": "vendas.cliente", "pk": 3, "fields": {"nome": "Emilly Cunha Lima"}},
  {"model": "vendas.cliente", "pk": 4, "fields": {"nome": "Andr\u00e9 Sousa Lima"}},
  {"model": "vendas.cliente", "pk": 5, "fields": {"nome": "Melissa Silva Melo"}},
  {"model": "vendas.cliente", "pk": 6, "fields": {"nome": "Melissa Melo Correia"}},
  {"model": "vendas.cliente", "pk": 7, "fields": {"nome": "Kaua Ferreira Lima"}},
  {"model": "vendas.cliente", "pk": 8, "fields": {"nome": "Aline Carvalho Barbosa"}},
  {"model": "vendas.cliente", "pk": 9, "fields": {"nome": "Let\u00edcia Ferreira Gomes"}},
  {"model": "vendas.cliente", "pk": 10, "fields": {"nome": "Luana Lima Castro"}},
  {"model": "vendas.venda", "pk": 1, "fields": {"data_hora": "2021-05-03T01:20:00Z", "vendedor": 4, "cliente": 1}},
  {"model": "vendas.venda", "pk": 2, "fields": {"data_hora": "2021-05-06T02:25:00Z", "vendedor": 4, "cliente": 10}},
  {"model": "vendas.venda", "pk": 3, "fields": {"data_hora": "2021-05-07T07:35:00Z", "vendedor": 3, "cliente": 10}},
  {"model": "vendas.venda", "pk": 4, "fields": {"data_hora": "2021-05-08T08:20:00Z", "vendedor": 9, "cliente": 2}},
  {"model": "vendas.venda", "pk": 5, "fields": {"data_hora": "2021-05-09T14:20:00Z", "vendedor": 3, "cliente": 3}},
  {"model": "vendas.venda", "pk": 6, "fields": {"data_hora": "2021-05-05T14:40:00Z", "vendedor": 2, "cliente": 7}},
  {"model": "vendas.venda", "pk": 7, "fields": {"data_hora": "2021-05-13T14:50:00Z", "vendedor": 4, "cliente": 2}},
  {"model": "vendas.venda", "pk": 8, "fields": {"data_hora": "2021-05-24T16:05:00Z", "vendedor": 2, "cliente": 3}},
  {"model": "vendas.venda", "pk": 9, "fields": {"data_hora": "2021-05-28T18:55:00Z", "vendedor": 4, "cliente": 5}},
  {"model": "vendas.venda", "pk": 10, "fields": {"data_hora": "2021-05-30T19:45:00Z", "vendedor": 6, "cliente": 10}},
  {"model": "vendas.venda", "pk": 11, "fields": {"data_hora": "2021-05-01T03:00:00Z", "vendedor": 5, "cliente": 2}},
  {"model": "vendas.venda", "pk": 12, "fields": {"data_hora": "2021-05-03T09:25:00Z", "vendedor": 4, "cliente": 5}},
  {"model": "vendas.venda", "pk": 13, "fields": {"data_hora": "2021-05-04T12:25:00Z", "vendedor": 8, "cliente": 10}},
  {"model": "vendas.venda", "pk": 14, "fields": {"data_hora": "2021-05-05T13:30:00Z", "vendedor": 3, "cliente": 2}},
  {"model": "vendas.venda", "pk": 15, "fields": {"data_hora": "2021-05-07T14:10:00Z", "vendedor": 8, "cliente": 6}},
  {"model": "vendas.venda", "pk": 16, "fields": {"data_hora": "2021-05-14T20:15:00Z", "vendedor": 3, "cliente": 2}},
  {"model": "vendas.venda", "pk": 17, "fields": {"data_hora": "2021-05-15T20:40:00Z", "vendedor": 4, "cliente": 7}},
  {"model": "vendas.venda", "pk": 18, "fields": {"data_hora": "2021-05-16T23:00:00Z", "vendedor": 6, "cliente": 7}},
  {"model": "vendas.venda", "pk": 19, "fields": {"data_hora": "2021-05-23T23:15:00Z", "vendedor": 4, "cliente": 5}},
  {"model": "vendas.venda", "pk": 20, "fields": {"data_hora": "2021-05-27T23:45:00Z", "vendedor": 5, "cliente": 4}},
  {"model": "vendas.venda", "pk": 21, "fields": {"data_hora": "2021-05-04T03:30:00Z", "vendedor": 6, "cliente": 6}},
  {"model": "vendas.venda", "pk": 22, "fields": {"data_hora": "2021-05-05T03:55:00Z", "vendedor": 1, "cliente": 9}},
  {"model": "vendas.venda", "pk": 23, "fields": {"data_hora": "2021-05-14T04:15:00Z", "vendedor": 1, "cliente": 5}},
  {"model": "vendas.venda", "pk": 24, "fields": {"data_hora": "2021-05-16T07:30:00Z", "vendedor": 10, "cliente": 2}},
  {"model": "vendas.venda", "pk": 25, "fields": {"data_hora": "2021-05-20T08:10:00Z", "vendedor": 10, "cliente": 5}},
  {"model": "vendas.venda", "pk": 26, "fields": {"data_hora": "2021-05-21T08:15:00Z", "vendedor": 7, "cliente": 8}},
  {"model": "vendas.venda", "pk": 27, "fields": {"data_hora": "2021-05-22T05:10:00Z", "vendedor": 3, "cliente": 4}},
  {"model": "vendas.venda", "pk": 28, "fields": {"data_hora": "2021-05-25T14:50:00Z", "vendedor": 7, "cliente": 4}},
  {"model": "vendas.venda", "pk": 29, "fields": {"data_hora": "2021-05-26T15:55:00Z", "vendedor": 2, "cliente": 8}},
  {"model": "vendas.venda", "pk": 30, "fields": {"data_hora": "2021-05-29T20:40:00Z", "vendedor": 8, "cliente": 9}},
  {"model": "vendas.itemvenda", "pk": 1, "fields": {"produto": 1, "quantidade": 3, "venda": 1}},
  {"model": "vendas.itemvenda", "pk": 2, "fields": {"produto": 2, "quantidade": 2, "venda": 2}},
  {"model": "vendas.itemvenda", "pk": 3, "fields": {"produto": 3, "quantidade": 3, "venda": 3}},
  {"model": "vendas.itemvenda", "pk": 4, "fields": {"produto": 4, "quantidade": 5, "venda": 4}},
  {"model": "vendas.itemvenda", "pk": 5, "fields": {"produto": 5, "quantidade": 4, "venda": 5}},
  {"model": "vendas.itemvenda", "pk": 6, "fields": {"produto": 6, "quantidade": 2, "venda": 6}},
  {"model": "vendas.itemvenda", "pk": 7, "fields": {"produto": 7, "quantidade": 1, "venda": 7}},
  {"model": "vendas.itemvenda", "pk": 8, "fields": {"produto": 8, "quantidade": 1, "venda": 8}},
  {"model": "vendas.itemvenda", "pk": 9, "fields": {"produto": 9, "quantidade": 1, "venda": 9}},
  {"model": "vendas.itemvenda", "pk": 10, "fields": {"produto": 10, "quantidade": 1, "venda": 10}},
  {"model": "vendas.itemvenda", "pk": 11, "fields": {"produto": 11, "quantidade": 1, "venda": 11}},
  {"model": "vendas.itemvenda", "pk": 21, "fields": {"produto": 2, "quantidade": 1, "venda": 12}},
  {"model": "vendas.itemvenda", "pk": 13, "fields": {"produto": 3, "quantidade": 1, "venda": 13}},
  {"model": "vendas.itemvenda", "pk": 14, "fields": {"produto": 6, "quantidade": 3, "venda": 13}},
  {"model": "vendas.itemvenda", "pk": 15, "fields": {"produto": 5, "quantidade": 2, "venda": 12}},
  {"model": "vendas.itemvenda", "pk": 16, "fields": {"produto": 4, "quantidade": 2, "venda": 11}},
  {"model": "vendas.itemvenda", "pk": 17, "fields": {"produto": 3, "quantidade": 2, "venda": 10}},
  {"model": "vendas.itemvenda", "pk": 18, "fields": {"produto": 2, "quantidade": 2, "venda": 9}},
  {"model": "vendas.itemvenda", "pk": 19, "fields": {"produto": 5, "quantidade": 2, "venda": 14}},
  {"model": "vendas.itemvenda", "pk": 20, "fields": {"produto": 6, "quantidade": 2, "venda": 15}},
  {"model": "vendas.itemvenda", "pk": 21, "fields": {"produto": 7, "quantidade": 1, "venda": 16}},
  {"model": "vendas.itemvenda", "pk": 22, "fields": {"produto": 3, "quantidade": 5, "venda": 17}},
  {"model": "vendas.itemvenda", "pk": 23, "fields": {"produto": 1, "quantidade": 10, "venda": 18}},
  {"model": "vendas.itemvenda", "pk": 24, "fields": {"produto": 2, "quantidade": 5, "venda": 19}},
  {"model": "vendas.itemvenda", "pk": 25, "fields": {"produto": 3, "quantidade": 2, "venda": 20}},
  {"model": "vendas.itemvenda", "pk": 26, "fields": {"produto": 4, "quantidade": 3, "venda": 21}},
  {"model": "vendas.itemvenda", "pk": 27, "fields": {"produto": 5, "quantidade": 5, "venda": 22}},
  {"model": "vendas.itemvenda", "pk": 28, "fields": {"produto": 6, "quantidade": 2, "venda": 23}},
  {"model": "vendas.itemvenda", "pk": 29, "fields": {"produto": 7, "quantidade": 2, "venda": 24}},
  {"model": "vendas.itemvenda", "pk": 30, "fields": {"produto": 8, "quantidade": 1, "venda": 25}},
  {"model": "vendas.itemvenda", "pk": 31, "fields": {"produto": 9, "quantidade": 3, "venda": 26}},
  {"model": "vendas.itemvenda", "pk": 32, "fields": {"produto": 10, "quantidade": 3, "venda": 27}},
  {"model": "vendas.itemvenda", "pk": 33, "fields": {"produto": 11, "quantidade": 4, "venda": 28}},
  {"model": "vendas.itemvenda", "pk": 34, "fields": {"produto": 7, "quantidade": 2, "venda": 29}},
  {"model": "vendas.itemvenda", "pk": 35, "fields": {"produto": 8, "quantidade": 3, "venda": 30}},
  {"model": "auth.user", "pk": 1, "fields": {"password": "pbkdf2_sha256$260000$Jom1STEAQfp3O4ow0h0r3g$wKYN0jJ1cSBRAFJN0ZQoVaAgmfufuL0JLSqbgCcFHTU=", "last_login": "2021-05-16T00:27:33.324Z", "is_superuser": true, "username": "admin", "first_name": "", "last_name": "", "email": "", "is_staff": true, "is_active": true, "date_joined": "2021-06-16T00:27:14.428Z", "groups": [], "user_permissions": []}}]
